lineage,num_sequences_for_lineage,mutations >= 80%,mutations >= 50%,mutations >= 10%
B.1.177,65548,p.A222V p.D614G,p.L18F p.A222V p.D614G,p.L18F p.A222V p.D614G
B.1.1.7,60070,del.69-70 del.144 p.N501Y p.A570D p.D614G p.P681H p.T716I p.S982A p.D1118H,del.69-70 del.144 p.N501Y p.A570D p.D614G p.P681H p.T716I p.S982A p.D1118H,del.69-70 del.144 p.N501Y p.A570D p.D614G p.P681H p.T716I p.S982A p.D1118H
B.1,38315,p.D614G,p.D614G,p.D614G
B.1.2,19785,p.D614G,p.D614G,p.D614G
B.1.1.29,15525,p.D614G,p.D614G,p.D614G
B.1.160,11288,p.S477N p.D614G,p.S477N p.D614G,p.S477N p.D614G
D.2,7921,p.S477N p.D614G,p.S477N p.D614G,p.S477N p.D614G
B.1.177.21,7313,p.A222V p.D614G,p.A222V p.D614G,p.A222V p.D614G
B.1.1.284,6654,p.D614G,p.D614G,p.M153T p.D614G
B.1.1.1,6381,p.D614G,p.D614G,p.D614G
B.1.221,4945,p.S98F p.D614G,p.S98F p.D614G,p.S98F p.D614G
B.1.1.214,4603,p.D614G,p.D614G,p.D614G p.Q675H
B.1.1.37,4248,p.D614G,p.D614G,p.D614G
B.1.258,4151,p.N439K p.D614G,del.69-70 p.N439K p.D614G,del.69-70 p.N439K p.D614G
B.1.1.315,4103,p.D614G,p.D614G,p.D614G
B.1.177.12,4035,p.A222V p.D614G,p.A222V p.D614G,p.A222V p.D614G p.K1073T
B.1.1.162,3930,p.D614G,p.D614G,p.D614G
B.1.177.4,3889,p.A222V p.D614G,p.A222V p.D614G,p.A222V p.D614G
B.1.36,3718,p.D614G,p.D614G,p.D614G
B.1.243,3522,p.D614G,p.D614G p.P681H,p.D614G p.P681H
B.1.1,2611,p.D614G,p.D614G,p.D614G
B.1.1.311,2310,p.D614G,p.D614G,p.D614G
B.1.369,2274,p.D614G,p.D614G,p.H49Y p.D614G p.E780Q
B.1.177.7,2202,p.L18F p.A222V p.D614G,p.L18F p.A222V p.D614G,p.L18F p.A222V p.D614G
B.1.1.307,1886,p.D614G,p.D614G,p.G261V p.D614G
B.1.36.17,1799,p.D614G,p.D614G,p.D614G
B.1.258.11,1599,del.69-70 p.N439K p.D614G,del.69-70 p.V143F p.N439K p.D614G,del.69-70 p.V143F p.N439K p.D614G
B.1.1.70,1588,p.D614G,p.D614G,p.N501Y p.D614G p.Q677H
B.1.240,1391,p.D614G,p.D614G,p.D614G
B.1.361,1386,p.D614G,p.D614G,p.D614G
B.1.1.298,1381,del.69-70 p.Y453F p.D614G,del.69-70 p.Y453F p.D614G,del.69-70 p.Y453F p.D614G p.S1147L
B.1.279,1376,p.D614G,p.D614G,p.D614G p.L1224F
B.1.234,1318,p.D614G,p.D614G,p.D614G
B.1.1.306,1297,p.D614G,p.D614G,p.D614G
B.1.177.15,1266,p.A222V p.D614G,p.A222V p.D614G,p.A222V p.D614G
B.1.177.16,1191,p.A222V p.D614G,p.A222V p.D614G,p.A222V p.D614G
B.1.497,1187,p.D614G,p.D614G,p.D614G
B.1.1.304,1030,p.D614G,p.D614G,p.D614G p.D1168G
B.1.1.277,1024,p.D614G p.A626S,p.D614G p.A626S,p.D614G p.A626S p.E654Q p.E1195Q
B.1.1.279,987,p.R21I p.D614G,p.R21I p.D614G,p.R21I p.D614G
B.1.139,977,p.D614G,p.D614G,p.D614G
B.1.128,977,p.D614G,p.D614G,p.D614G
B.1.1.291,962,p.D614G,p.D614G,p.D614G
B.1.177.17,936,p.L176F p.A222V p.D614G,p.L176F p.A222V p.D614G,p.L5F p.L176F p.A222V p.D614G
B.1.429,933,p.S13I p.W152C p.L452R p.D614G,p.S13I p.W152C p.L452R p.D614G,p.S13I p.P26S p.W152C p.L452R p.D614G
B.1.177.8,930,p.L18F p.A222V p.D614G,p.L18F p.A222V p.D614G,p.L18F p.A222V p.D614G p.I794L
B.1.235,915,p.D614G,p.D614G,p.L18F p.D614G
B.1.389,886,p.D614G p.T723I,p.D614G p.T723I,p.D614G p.T723I
B.1.1.33,877,p.D614G,p.D614G,p.D614G
B.1.93,809,p.D614G,p.D614G,p.D614G
B.1.177.9,803,p.D80Y p.N164T p.A222V p.A262S p.D614G,p.D80Y p.N164T p.A222V p.A262S p.D614G,p.D80Y p.N164T p.A222V p.A262S p.E583D p.D614G
B.1.221.3,785,p.S98F p.D614G,p.S98F p.D614G,p.S98F p.D614G
B.1.1.222,751,p.D614G p.T732A,p.D614G p.T732A,p.T478K p.D614G p.P681H p.T732A
B.1.1.301,748,p.D614G,p.D614G,p.L5F p.D614G p.V687L
B.1.177.10,745,p.A222V p.A262S p.D614G,p.A222V p.A262S p.D614G,p.A222V p.A262S p.D614G
B.1.177.6,707,p.L18F p.Q23H p.A222V p.D614G,p.L18F p.Q23H p.A222V p.D614G,p.L18F p.Q23H p.A222V p.D614G
B.1.391,706,p.D614G,p.D614G,p.D614G
B.1.1.10,697,p.D614G,p.D614G,p.D614G
B.1.147,691,p.D614G,p.D614G,p.D614G
B.1.371,671,p.D614G,p.D614G,p.D614G
B.1.426,661,p.D253G p.D614G,p.D253G p.D614G,p.D253G p.D614G
B.1.1.247,652,p.D614G,p.D614G,p.D614G
B.1.367,648,p.D80Y p.D614G,p.D80Y p.D614G,p.D80Y p.D614G
B.1.1.39,637,p.D614G,p.D614G,p.D614G p.S673T
B.1.1.28,632,p.D614G p.V1176F,p.D614G p.V1176F,p.D614G p.V1176F
B.1.320,625,p.D614G,p.D614G,p.V6F p.D614G
B.1.22,624,p.D614G,p.D614G,p.D614G
B.1.127,615,p.S477N p.D614G,p.S477N p.D614G,p.S477N p.D614G p.S939F
B.1.311,608,p.D614G,p.D614G,p.G72R p.D614G
B.1.1.288,588,p.D614G,p.D614G,p.D614G
B.1.206,573,p.D614G,p.D614G,p.D614G p.L822F
B.1.8,572,p.D614G,p.D614G,p.A262S p.Q314K p.F486L p.D614G
B.1.521,567,p.D614G,p.D614G,p.D614G
B.1.160.7,567,p.S477N p.D614G p.H655Y,p.S477N p.D614G p.H655Y,p.S477N p.D614G p.H655Y
B.1.1.269,559,p.D614G,p.D614G p.D1084Y,p.D614G p.D1084Y
B.1.1.8,559,p.D614G,p.D614G,p.D614G
B.1.1.281,557,p.D614G,p.D614G,p.D614G
B.1.422,548,p.D614G,p.D614G,p.D614G
B.1.1.54,541,p.D614G,p.D614G,p.D614G
B.1.177.18,536,p.A222V p.E583D p.D614G,p.A222V p.E583D p.D614G,p.A222V p.E583D p.D614G
B.1.177.24,536,p.A222V p.D614G,p.A222V p.D614G,p.A222V p.D614G
B.1.177.20,524,p.A222V p.E583D p.D614G,p.A222V p.E583D p.D614G,p.A222V p.E583D p.D614G
B.1.1.51,524,p.D614G,p.D614G,p.D614G p.I1225F
B.1.1.44,519,p.D614G,p.D614G,p.D614G
B.1.177.5,516,p.L18F p.A222V p.D614G,p.L18F p.A222V p.D614G,p.L18F p.A222V p.D614G
B.1.177.19,501,p.A222V p.E583D p.D614G,p.A222V p.E583D p.D614G,p.A222V p.E583D p.D614G
B.1.1.4,494,p.D614G,p.D614G,p.D614G
B.1.363,488,p.D614G,p.D614G,p.D614G
B.1.160.8,486,p.S477N p.D614G,p.S477N p.D614G,p.S477N p.D614G
B.1.1.282,480,p.D614G,p.S477R p.D614G p.S673T p.N679K,p.S477R p.D614G p.S673T p.N679K
B.1.177.11,476,p.A222V p.D614G p.D1163Y p.G1167V,p.A222V p.D614G p.D1163Y p.G1167V,p.A222V p.D614G p.D1163Y p.G1167V
B.1.1.220,469,p.D614G,p.D614G,p.T29I p.T572I p.D614G p.Q677H p.D936N
B.1.516,462,p.D614G,p.D614G,p.D614G
B.1.258.16,462,p.N439K p.D614G,p.N439K p.D614G,p.N439K p.D614G
B.1.509,454,p.D614G,p.D614G,p.D614G
B.1.1.289,450,p.D614G,p.D614G,p.D614G p.T1238I
B.1.36.18,444,p.G75R p.D614G,p.G75R p.D614G,p.G75R p.D614G
B.1.517,439,p.N501T p.D614G,p.N501T p.D614G,p.N501T p.Q613H p.D614G
B.1.1.50,435,p.D614G,p.D614G,p.D614G p.P681H
B.1.400,433,p.D614G,p.D614G,p.D614G p.P681H p.G769V
B.1.375,431,del.69-70 p.D614G,del.69-70 p.D614G,del.69-70 p.D614G p.C1236S
B.1.1.198,427,p.D614G,p.D614G,p.R190M p.D614G
B.1.1.312,424,p.D614G p.Q957L,p.D614G p.Q957L,p.D614G p.Q957L
B.1.1.232,412,p.D614G,p.D614G,p.D614G p.V1122L
B.1.98,394,p.D614G p.P1263L,p.D614G p.P1263L,p.D614G p.T859I p.G1219C p.P1263L
B.1.1.67,394,p.D614G,p.D614G,p.T29I p.D138Y p.M153T p.D614G
B.1.1.296,393,p.D614G,p.D614G,p.D614G
B.1.232,390,p.D614G,p.D614G,p.D614G
B.1.1.170,388,p.D614G,p.D614G,p.D614G
B.1.1.153,385,p.D614G,p.D614G,p.D614G
B.1.1.317,379,p.D614G,p.D614G,p.T20I p.D138Y p.R357K p.S477N p.A522S p.D614G p.Q675R p.A845S p.D936H
B.1.396,379,p.D614G,p.D614G,p.D614G
B.1.428,373,p.D614G,p.D614G,p.D614G
L.1,372,p.D614G p.M1237T,p.D614G p.M1237T,p.D614G p.M1237T
B.1.36.22,369,p.G181V p.D614G,p.G181V p.D614G,p.G181V p.D614G
B.1.241,364,p.D614G,p.D614G,p.D614G
B.1.1.253,351,p.D614G,p.D614G,p.D614G
B.1.362,349,p.D614G,p.D614G,p.L452R p.D614G p.L1063F
B.1.189,343,p.D614G,p.D614G,p.D614G
B.1.91,336,p.D614G p.D839Y,p.D614G p.D839Y,p.D614G p.D839Y
B.1.1.208,334,p.D614G,p.L5F p.D614G,p.L5F p.D614G
B.1.356,330,p.D614G,p.D614G,p.D614G
B.1.36.25,324,p.D614G p.S813I,p.D614G p.S813I,p.D614G p.S813I
P.2,324,p.E484K p.D614G p.V1176F,p.E484K p.D614G p.V1176F,p.E484K p.D614G p.V1176F
B.1.1.303,321,p.D614G p.A688V,p.D614G p.A688V,p.D614G p.A688V
B.1.1.207,316,p.D614G,p.D614G,p.E484K p.D614G p.P681H
B.1.349,313,p.D614G,p.D614G,p.T22N p.D614G
B.1.404,313,p.D614G,p.D138Y p.D614G,p.D138Y p.S477N p.D614G p.S939F
B.1.13,313,p.D614G,p.D614G,p.D614G
B.1.1.48,311,p.D614G,p.D614G,p.D614G
B.1.1.151,311,p.D614G,p.D614G,p.D614G
B.1.1.237,308,p.R21I p.D614G,p.R21I p.D614G,p.R21I p.D614G
B.1.280,306,p.D614G,p.D614G,p.D614G
B.1.1.286,303,p.D614G,p.D614G,p.D614G
B.1.258.3,300,p.P25S p.N439K p.D614G p.C1253F,p.P25S p.N439K p.D614G p.C1253F,p.P25S p.N439K p.D614G p.C1253F
B.1.142,297,p.D614G,p.D614G,p.P479S p.D614G p.F1121L
B.1.1.101,295,p.D614G,p.D614G,p.D614G
B.1.409,292,p.D614G,p.D614G,p.D614G
B.1.210,289,p.D614G,p.D614G,p.D614G
B.1.221.1,289,p.S98F p.D614G,p.S98F p.D614G,p.S98F p.D614G
B.1.1.64,284,p.L54F p.D614G,p.L54F p.D614G,p.L54F p.D138Y p.D614G p.P681H
B.1.1.130,283,p.D614G,p.D614G,p.D614G
B.1.1.263,281,p.D614G,p.D614G,p.D614G
B.1.416,277,p.D614G,p.D614G,p.V382L p.D614G
B.1.427,272,p.S13I p.W152C p.L452R p.D614G,p.S13I p.W152C p.L452R p.D614G,p.S13I p.W152C p.W258L p.L452R p.D614G p.S1252F
B.1.1.135,272,p.D614G,p.D614G,p.T22I p.T385I p.L452R p.D614G
B.1.1.241,271,p.V3G p.L5F p.D614G,p.V3G p.L5F p.D614G,p.V3G p.L5F p.A352S p.D614G p.G842S
B.1.265,270,p.D614G,p.D614G,p.D614G p.Q677H
B.1.351,268,p.D80A p.D215G del.241-243 p.K417N p.E484K p.N501Y p.D614G p.A701V,p.D80A p.D215G del.241-243 p.K417N p.E484K p.N501Y p.D614G p.A701V,p.L18F p.D80A p.D215G del.241-243 p.K417N p.E484K p.N501Y p.D614G p.A701V
B.1.1.255,267,p.D614G,p.D614G,p.D614G
B.1.1.157,263,p.D614G,p.D614G,p.V70A p.D614G
B.1.258.8,262,del.69-70 p.N439K p.D614G,del.69-70 p.N439K p.D614G,del.69-70 p.N439K p.D614G p.T827I
B.1.1.216,260,p.D614G,p.D614G,p.D614G
B.1.1.141,258,p.D614G,p.M153T p.D614G,p.M153T p.D614G
B.1.416.1,257,p.D614G,p.D614G,p.D614G
B.1.1.74,256,p.D614G,p.D614G,p.D614G
B.1.384,254,p.D614G,p.D614G,p.D614G
B.1.1.176,252,p.D614G,p.D614G,p.D614G
B.1.1.63,252,p.D614G,p.S12F p.D614G,p.S12F p.D614G p.T1117I
B.1.88,241,p.D614G,p.D614G,p.S12F p.D614G
B.1.319,239,p.D614G,p.D614G,p.D614G p.A626V
B.28,239,,,p.A846S
B.1.1.294,238,p.D614G,p.D614G,p.T95I p.E96D p.D614G p.A688S
B.1.1.25,236,p.D614G,p.D614G,p.D614G
B.1.1.217,236,p.D614G,p.D614G,p.D614G p.K986R
B.1.1.171,235,p.D614G,p.D614G,p.D614G
B.1.36.9,235,del.210 p.D614G p.T859N,del.210 p.D614G p.T859N,del.210 p.D614G p.T859N p.S939F
B.1.1.257,235,p.D614G,p.D614G,p.D614G
B.1.350,233,p.D614G p.G1219C,p.D614G p.G1219C,p.D614G p.A892S p.G1219C
B.1.1.227,233,p.D614G,p.D614G,p.D614G
B.1.39,232,p.D614G,p.D614G,p.D614G
B.1.425,225,p.D614G,p.D614G,p.D614G
B.1.258.7,225,del.69-70 p.N439K p.D614G,del.69-70 p.N439K p.D614G,del.69-70 p.N439K p.D614G
B.1.179,222,p.D614G,p.D614G,p.D614G
B.1.523,221,p.D614G,p.D614G,p.A263V p.D614G p.N1178D
B.1.104,221,p.D614G,p.D614G,p.D614G
B.1.1.189,221,p.D614G,p.D614G,p.V483F p.D614G
A.23.1,220,p.F157L p.V367F p.Q613H p.P681R,p.F157L p.V367F p.Q613H p.P681R,p.R102I p.L141F p.F157L p.V367F p.E484K p.Q613H p.P681R
C.1,217,p.D614G,p.D614G,p.D614G
B.1.499,214,p.D614G,p.D614G,p.D614G
B.1.1.302,211,p.D614G p.V1122L,p.D614G p.V1122L,p.D614G p.V1122L
B.1.1.191,205,p.D614G p.G769V,p.D614G p.G769V,p.D614G p.G769V
B.1.146,204,p.D614G,p.D614G,p.D614G
B.1.1.38,202,p.D614G,p.D614G,p.D614G
B.1.332,202,p.D614G,p.D614G,p.D614G
B.1.325,200,p.D614G,p.D614G,p.D614G
B.1.289,200,p.H245Y p.D614G,p.H245Y p.D614G,p.H245Y p.D614G
B.1.313,197,p.D614G,p.D614G,p.D253G p.D614G
B.1.177.22,195,p.L18F p.A222V p.D614G,p.L18F p.A222V p.D614G,p.L18F p.A222V p.D614G
B.1.223,194,p.D614G,p.D614G,p.D614G p.L822F
B.1.1.297,188,p.D614G,p.D614G,p.D614G
B.1.1.272,186,p.A520S p.D614G,p.A520S p.D614G,p.A520S p.D614G
B.1.236,186,p.D614G,p.D614G,p.D614G p.V1228L
B.1.177.2,185,p.A222V p.D614G,p.A222V p.D614G,p.A222V p.D614G p.A846V
B.1.398,184,p.T95I p.D614G,p.T95I p.D614G,p.T95I p.D614G
B.1.110,182,p.D614G,p.D614G,p.D614G
B.1.438,180,p.D614G,p.D614G p.Q675H,p.S477N p.D614G p.Q675H
B.1.329,178,p.D614G,p.D614G,p.D614G
B.1.503,178,p.D614G,p.D614G,p.D614G
B.1.258.4,177,del.69-70 p.L189F p.N439K p.D614G p.V772I p.G1219V,del.69-70 p.L189F p.N439K p.D614G p.V772I p.G1219V,del.69-70 p.L189F p.N439K p.D614G p.V772I p.G1219V
B.1.207,176,p.D614G,p.D614G p.F1052L,p.D614G p.F1052L
B.1.399,175,p.D614G,p.D614G,p.V382L p.D614G
B.1.258.9,174,del.69-70 p.N439K p.D614G p.G1223S,del.69-70 p.N439K p.D614G p.G1223S,del.69-70 p.N439K p.D614G p.G1223S
B.1.1.240,174,p.D614G p.K1073N,p.D614G p.K1073N p.C1250F,p.D614G p.K1073N p.C1250F
B.1.36.16,172,p.D614G,p.D614G,p.D614G
B.1.1.186,171,p.D138H p.D614G,p.D138H p.D614G,p.D138H p.D614G
B.1.3,168,p.D614G p.Q675R,p.D614G p.Q675R,p.E583D p.D614G p.Q675R
B.1.1.89,168,p.D614G,p.D614G,p.D614G
B.1.1.196,164,p.D198G p.D614G,p.D198G p.D614G,p.D198G p.K558N p.D614G
B.1.1.264,164,p.R21I p.D614G p.R847K,p.R21I p.D614G p.R847K,p.R21I p.D614G p.R847K
B.1.1.59,162,p.D614G,p.D614G,p.D614G
B.1.524,161,p.D614G p.A701V,p.D614G p.A701V,p.D614G p.A701V
B.1.1.231,161,p.D614G,p.D614G,p.L5F p.D614G
B.1.413,160,p.D614G,p.D614G,p.D614G
B.1.471,159,p.D614G,p.D614G,p.D614G
B.1.111,157,p.D614G,p.D614G,p.D614G
B.1.88.1,157,p.D614G,p.D614G,p.D614G
B.1.36.28,156,p.D614G,p.D614G,p.D614G
B.1.1.228,155,p.D614G,p.D614G,p.D614G p.P681H p.V1104L
B.1.9,154,p.D614G,p.D614G,p.D614G
C.16,154,p.L452R p.D614G,p.L452R p.D614G,p.L452R p.D614G
B.1.112,153,p.D614G,p.D614G,p.D614G
B.1.1.83,153,p.D614G,p.D614G,p.D614G
B.1.258.17,153,del.69-70 p.L189F p.N439K p.D614G p.V772I,del.69-70 p.L189F p.N439K p.D614G p.V772I,del.69-70 p.L189F p.N439K p.D614G p.V772I
B.1.1.159,152,p.D614G,p.D614G,p.D614G p.T859I
B.1.346,152,p.D614G,p.D614G,p.D614G
B.1.1.192,152,p.D614G,p.D614G,p.D614G
B.1.1.309,151,p.D614G,p.D614G,p.D614G
B.1.1.164,150,p.D614G,p.D614G,p.D614G
B.1.1.138,150,p.D614G,p.D614G,p.D614G
N.4,148,p.D614G,p.D614G,p.F565L p.D614G
B.1.260,147,,p.D614G,p.D614G
P.1,147,p.D138Y p.D614G,p.L18F p.T20N p.P26S p.D138Y p.R190S p.K417T p.E484K p.N501Y p.D614G p.H655Y p.T1027I p.V1176F,p.L18F p.T20N p.P26S p.D138Y p.R190S p.K417T p.E484K p.N501Y p.D614G p.H655Y p.T1027I p.V1176F
B.1.1.212,144,p.D614G,p.D614G,p.D614G
B.1.177.23,141,p.A222V p.D614G,p.V90F p.A222V p.D614G,p.V90F p.A222V p.D614G
B.1.1.273,140,p.D614G,p.D614G,p.D614G
B.1.452,140,p.D614G,p.D614G,p.D614G
B.1.474,139,p.D614G p.P681H p.D796Y,p.D614G p.P681H p.D796Y,p.D614G p.P681H p.D796Y
B.1.177.14,139,p.A222V p.D614G,p.A222V p.D614G,p.A222V p.D614G
B.1.324,138,p.D614G,p.D614G,p.D614G p.V1176F
B.1.526,138,p.L5F p.T95I p.D253G p.D614G p.A701V,p.L5F p.T95I p.D253G p.E484K p.D614G p.A701V,p.L5F p.T95I p.D253G p.S477N p.E484K p.D614G p.A701V p.Q957R
B.1.1.250,138,p.D614G,p.D614G,p.D614G
B.1.216,137,p.D215Y p.D614G,p.D215Y p.D614G,p.D215Y p.D614G
B.1.1.27,136,p.D614G,p.D614G,p.D614G
B.1.453,135,p.D614G,p.D614G,p.D614G
B.1.1.245,135,p.D614G,p.D614G,p.D614G
B.1.1.26,134,p.D614G,p.D614G,p.D614G p.P681L p.D936H
B.1.1.274,134,p.D614G,p.D614G,p.E96D p.D614G
B.1.1.41,134,p.D614G,p.D614G,p.L5F p.D614G p.V1122L
B.1.199,133,p.D614G,p.D614G,p.D614G p.T791K
B.1.110.3,133,p.D614G,p.D614G,p.D614G
B.1.1.194,133,p.D614G p.K1073N,p.D614G p.K1073N,p.D614G p.K1073N
B.1.218,133,p.D614G,p.D614G,p.D614G
B.1.157,131,p.D614G,p.D614G,p.W258L p.D614G p.A879T
B.1.1.71,131,p.D614G,p.D614G,p.D614G
B.1.1.219,131,p.D614G,p.F157L p.D614G,p.F157L p.D614G p.A845S
B.1.252,130,p.D614G,p.D614G,p.D614G
B.1.1.258,130,p.D614G,p.D614G,p.G72E p.D614G
B.1.1.285,129,p.D614G,p.D614G,p.D614G
B.1.108,129,p.D614G,p.D614G,p.S13I p.D614G
B.1.408,127,p.D614G,p.D614G,p.D614G p.Q690H p.D936V
H.1,126,p.D614G,p.D614G,p.D614G
B.1.162,126,p.D614G,p.D614G,p.D614G
B.1.1.244,125,p.D614G,p.D614G,p.D614G
B.1.1.85,123,p.D614G p.Q677H p.T732S,p.D614G p.Q677H p.T732S,p.T76I p.D614G p.Q677H p.T732S p.E1202Q
B.1.1.200,122,p.D614G,p.D614G,p.D614G
B.1.201,122,p.D614G,p.D614G,p.T29I p.D614G
B.1.463,121,p.F59Y p.P384L p.D614G p.P812S,p.F59Y p.P384L p.D614G p.P812S,p.F59Y p.P384L p.D614G p.P812S
B.1.1.127,120,p.D614G,p.D614G,p.D215H p.D614G
B.1.1.261,120,p.D614G,p.D614G,p.D614G
B.1.239,120,p.D614G,p.D614G,p.L18F p.P251H p.D614G
B.1.366,119,p.D614G,p.D614G,p.D614G
B.1.336,118,p.D614G,p.D614G,p.G75V p.D614G
B.1.134,118,p.D614G,p.D614G,p.T76I p.D614G
B.1.1.103,118,p.D614G p.P681R,p.D614G p.P681R,p.D614G p.P681R
B.1.1.105,117,p.D614G,p.D614G,del.69-70 p.V171F p.Y248H p.D614G p.K1073E
B.1.137,117,p.D614G,p.D614G,p.D614G
C.3,116,p.V213L p.D614G,p.V213L p.D614G,p.V213L p.D614G
B.1.258.2,115,p.N439K p.D614G,p.N439K p.D614G,p.N439K p.D614G
B.1.380,114,p.D614G,p.D614G,p.D80Y p.D614G
B.1.1.161,114,,,p.D614G
B.1.258.19,113,del.69-70 p.N439K p.D614G,del.69-70 p.N439K p.D614G,del.69-70 p.N439K p.D614G
B.1.1.163,113,p.D614G,p.D614G,p.D614G p.C1254F
B.1.166,112,p.D614G,p.D614G,p.D614G
B.1.258.21,111,del.69-70 p.N439K p.D614G,del.69-70 p.N439K p.D614G,del.69-70 p.N439K p.D614G
B.1.195,110,p.D614G,p.D614G,p.Q183R p.D614G
A.6,110,p.A829T,p.A829T,p.A829T
B.1.124,110,p.D614G,p.D614G,p.D614G
D.3,109,p.D614G,p.D614G,p.D614G
B.1.424,107,p.D614G,p.D614G,p.D614G p.V785I
B.1.457,107,p.D614G,p.D614G,p.L5F p.D614G
B.1.1.229,106,p.D614G,p.D614G,p.D614G
B.1.314,106,p.D614G,p.D614G,p.Y145H p.D614G
B.1.118,106,p.D614G,p.D614G p.I805V,p.G181R p.D614G p.I805V
B.1.44,105,p.D614G p.D936Y,p.D614G p.D936Y,p.D614G p.G769V p.D936Y
B.1.1.121,105,p.D614G,p.D614G,p.D614G
B.1.470,105,p.D614G,p.D614G,p.S12F p.D614G p.Q675H p.Q677H
B.1.1.31,105,p.D614G,p.D614G,p.D614G
B.1.120,104,p.D614G,p.D614G,p.D614G
B.1.469,104,p.D614G p.P681H,p.D614G p.P681H,p.D614G p.P681H
B.1.106,104,p.D614G,p.D614G,p.D614G
B.1.1.251,103,p.D614G,p.D111N p.D614G,p.D111N p.D614G
C.15,103,p.S255F p.D614G p.K1073N,p.S255F p.D614G p.K1073N,p.S255F p.D614G p.K1073N
B.1.36.8,103,p.M153I p.D614G p.A1020S,p.M153I p.D614G p.A1020S,p.M153I p.D614G p.A1020S
C.8,102,p.D614G,p.D614G,p.D614G
M.1,102,p.D614G,p.D614G,p.D614G
B.1.177.27,102,p.A222V p.Q613H p.D614G,p.A222V p.Q613H p.D614G,p.A222V p.Q613H p.D614G p.M1229I
B.1.419,102,p.D614G,p.D614G,p.D614G
B.1.1.314,102,p.D614G,p.D614G,p.D614G p.Q675H
B.1.1.80,101,p.D614G,p.D614G,p.D614G p.Q675H
B.1.78,101,p.D614G,p.D614G,p.D614G
B.1.1.266,100,p.D614G,p.L5F p.S459Y p.D614G p.M1229I,p.L5F p.S151I p.S459Y p.D614G p.Q675H p.M1229I
B.1.177.3,100,p.A222V p.D614G,p.A222V p.D614G,p.A222V p.D614G
B.1.1.133,99,p.D614G,p.D614G,p.W258R p.D614G
B.1.1.107,99,p.D614G,p.D614G,p.D614G
B.1.1.313,98,p.D614G,p.D614G,p.D614G p.G1251V
B.1.1.47,98,p.D614G,p.D614G,p.D614G p.H1159Y
B.1.301,97,p.D614G,p.D614G,p.D614G
B.1.1.204,96,p.D614G,p.D614G,p.D614G
B.1.1.3,96,p.T478I p.D614G,p.T478I p.D614G,p.T478I p.D614G
B.1.35,96,p.D614G,p.D614G,p.D614G
B.1.298,95,p.D614G,p.D614G,p.D614G
B.1.237,94,p.D614G,p.D614G,p.D614G p.Q675H
B.1.105,94,p.D614G,p.D614G,p.D614G
B.1.1.134,93,p.D614G,p.D614G,p.D614G
B.1.1.86,92,p.D614G,p.D614G,p.D614G p.V1133A
B.1.333,91,p.D614G,p.D614G,p.D614G
B.1.433,91,p.D614G,p.D614G,p.D614G
B.1.190,90,p.D614G,p.D614G,p.D614G
B.1.1.243,89,p.D614G,p.D614G,p.V362F p.D614G
B.1.1.209,88,p.D614G,p.D614G,p.T95I p.Y508H p.D614G
B.1.1.236,88,p.D614G,p.D614G,p.D614G
B.1.372,87,p.D614G p.D936Y,p.D614G p.D936Y,p.D614G p.Q779L p.D936Y
B.1.258.10,87,del.69-70 p.N439K p.D614G,del.69-70 p.N439K p.D614G,del.69-70 p.T259I p.N439K p.D614G p.H1058Y
B.1.1.187,87,p.D614G,p.D614G,p.D614G p.D936E
B.1.1.125,87,p.D614G,p.D614G,p.D614G
B.1.370,87,p.D614G p.S939F,p.D614G p.S939F,p.D614G p.S939F
B.1.36.12,87,p.D614G p.V1068F,p.D614G p.V1068F,p.D614G p.S939F p.V1068F
B.1.1.270,86,p.D614G,p.D614G,p.D614G
B.1.395,86,p.D614G,p.D614G,p.D614G
B.1.1.226,86,p.D614G,p.D614G,p.D614G
B.1.36.1,86,p.D614G,p.D614G,p.D614G p.A771S p.P1263T
B.1.1.166,85,p.D614G,p.D614G,p.D614G
B.1.1.106,84,p.D614G,p.D614G,p.D614G p.P1162L
B.1.268,84,p.D614G,p.D614G,p.D614G
B.1.12,84,p.D614G,p.D614G,p.D614G
B.1.1.300,84,p.D614G,p.D614G,p.D614G
B.1.401,84,p.D614G,p.D614G,p.S151I p.D614G
B.1.1.46,84,p.D614G,p.D614G,p.D614G
B.1.222,83,p.N439K p.D614G,p.N439K p.D614G,p.N439K p.D614G
B.1.116,83,p.D614G,p.D614G,p.D614G
B.1.448,83,p.D614G,p.D614G,p.D614G
C.12,82,p.D614G,p.D614G,p.D614G
B.1.165,82,p.D614G,p.D614G,p.D614G
B.1.1.225,82,p.D614G,p.D614G,p.D614G
B.1.1.5,81,p.D614G,p.D614G,p.D614G
B.1.1.15,80,p.D614G,p.D614G,p.D614G
B.1.1.290,80,p.D614G,p.D614G,p.D614G
B.1.450,79,p.D614G,p.D614G,p.D614G
A.2.4,79,,,del.141-143 p.D215A p.L452R p.D614G
B.1.443,79,p.D614G,p.D614G p.D796G,p.D614G p.D796G
B.1.1.12,79,p.D614G,p.D614G,p.D614G
B.1.1.308,78,p.D614G,p.D614G,p.D614G
B.1.331,78,p.D614G,p.D614G,p.D614G
B.1.177.13,78,p.A222V p.D614G,p.A222V p.D614G p.A846S,p.A222V p.D614G p.A846S
B.1.414,78,p.D614G,p.D614G,p.D614G
B.1.214,78,p.D614G,p.D614G,p.T95I p.Q414K p.N450K p.D614G p.T716I
B.1.1.267,78,p.D614G,p.D614G,p.D614G
B.1.126,77,p.D614G,p.D614G,p.D614G
B.1.1.115,77,p.D614G,p.D614G,p.D614G
B.1.1.61,76,p.D614G,p.D614G,p.L216F p.D614G
B.1.36.21,75,p.L54F p.D614G,p.L54F p.D614G,p.L54F p.D614G
B.1.160.5,74,p.S477N p.D614G,p.S477N p.D614G,p.S477N p.D614G
B.1.1.305,73,p.D614G,p.D614G,p.D614G
B.1.229,73,p.D614G,p.D614G,p.D614G
B.1.151,73,p.D614G,p.D614G,p.R102I p.D614G
B.1.1.165,73,p.D614G,p.D614G,p.D614G
B.1.302,73,p.D614G,p.D614G,p.D614G
B.1.220,73,p.D614G,p.D614G,p.D614G
B.1.357,73,p.D614G,p.D614G,p.D614G
B.1.1.254,72,p.D614G,p.D614G,p.D614G
B.1.283,72,p.D614G,p.D614G,p.D614G
B.1.215,72,p.D614G,p.D614G,p.D614G
B.1.1.55,72,p.D614G p.S1252P,p.L5F p.D614G p.Q1208H p.S1252P,p.L5F p.D614G p.Q1208H p.S1252P
B.1.1.128,71,p.D614G,p.D614G,p.D614G
C.14,70,p.D614G,p.D614G,p.D614G
B.1.274,70,p.D614G,p.D614G,p.D614G
B.1.1.299,70,p.T549A p.D614G,p.T549A p.D614G,p.T549A p.D614G p.V1104L
B.1.1.221,70,p.D614G,p.D614G,p.D614G
B.1.1.132,69,p.D614G,p.D614G,p.D614G
B.1.1.293,69,p.D614G,p.D614G,p.D614G p.A1020S
B.1.1.104,68,p.D614G,p.D614G,p.D614G
B.1.459,68,p.D614G,p.D614G,p.L18F p.V213A p.D614G p.S689R
B.1.1.117,68,p.D614G p.A688V,p.D614G p.A688V,p.D614G p.A688V
B.1.36.10,68,p.D614G,p.D614G,p.D614G p.C1250F
A.23,68,p.F157L p.V367F p.Q613H,p.F157L p.V367F p.Q613H,p.F157L p.V367F p.Q613H p.P681R
B.1.360,67,p.D614G,p.D614G,p.D614G
B.1.1.91,67,p.D614G,p.D614G,p.A27V p.F157L p.L585F p.D614G p.V1122L
B.1.513,66,p.D614G,p.D614G,p.D614G
B.1.177.26,65,p.A222V p.E583Q p.D614G,p.A222V p.E583Q p.D614G,p.A222V p.E583Q p.D614G
B.1.258.5,65,del.69-70 p.L189F p.N439K p.D614G p.V772I,del.69-70 p.L189F p.N439K p.D614G p.V772I,del.69-70 p.L189F p.N439K p.D614G p.V772I
B.1.258.12,65,del.69-70 p.N439K p.D614G,del.69-70 p.N439K p.D614G,del.69-70 p.N439K p.D614G
B.1.177.25,65,p.A222V p.D614G,p.A222V p.D614G,p.A222V p.D614G
B.1.451,65,p.D614G,p.D614G,p.D614G
B.1.1.34,64,p.D614G,p.D614G,p.D614G
B.1.37,63,p.D614G,p.D614G,p.D614G
B.1.36.24,63,p.T33K p.F306L p.D614G p.E654Q,p.T33K p.F306L p.D614G p.E654Q,p.T33K p.F306L p.D614G p.E654Q
B.1.1.75,63,p.D614G p.A846V,p.D614G p.A846V,p.D614G p.A846V
B.1.177.1,63,p.A222V p.D614G,p.A222V p.D614G,p.A222V p.D614G
B.1.501,62,p.D614G,p.D614G,p.D614G
B.1.1.193,62,p.D614G,p.D614G,p.D614G p.L938F
B.1.1.256,62,p.D614G,p.D614G,p.D614G
A.15,62,p.D1084Y,p.D1084Y,p.D1084Y
B.1.383,62,p.D614G,p.D614G,p.D614G
L.2,62,p.D614G,p.V70F p.D614G,p.V70F p.D614G
B.1.379,61,p.R214L p.D614G,p.R214L p.D614G,p.R214L p.D614G
B.1.282,61,p.D614G,p.D614G,p.V70F p.A522S p.D614G p.C1235F
B.1.1.280,61,p.M153T p.D614G,p.M153T p.D614G,p.M153T p.D614G
B.1.359,61,p.D614G,p.D614G,p.D614G
B.1.149,61,p.D614G,p.D614G,p.D614G
B.1.219,60,p.E281V p.D614G,p.E281V p.D614G,p.E281V p.D614G
B.1.340,60,p.D614G,p.D614G,p.D614G
B.1.390,60,p.D614G,p.D614G,p.F32L p.Y144F p.D614G p.V1228L
B.1.1.149,60,p.R21I p.D614G,p.R21I p.D614G,p.R21I p.D614G
B.1.305,60,p.L54F p.A520S p.D614G,p.L54F p.A520S p.D614G,p.L54F p.A520S p.D614G
B.1.1.122,60,p.D614G,p.D138Y p.S477N p.D614G,p.T20I p.D138Y p.S477N p.D614G
B.1.507,59,p.D614G,p.D614G,p.D614G
B.1.76,59,p.D614G,p.D614G,p.S98F p.D614G
B.1.113,59,p.L54F p.D614G,p.L54F p.D614G,p.L54F p.D614G
B.1.23,59,p.D614G,p.D614G,p.D614G
B.1.83,59,p.D614G,p.D614G,p.D614G
B.1.397,59,p.D614G,p.D614G,p.D614G p.D1163V
B.1.238,59,p.D614G,p.D614G,p.L176F p.D614G p.V1068I
B.1.1.180,58,p.D614G,p.D614G,p.D614G
B.1.1.143,58,p.D614G p.V1176F,p.D614G p.V1176F,p.M153T p.D614G p.S689I p.V1176F
B.1.1.210,57,p.D614G,p.D614G,p.D614G
B.1.344,57,p.D614G,p.D614G,p.D614G
B.53,57,p.Y28H,p.Y28H,p.Y28H p.D1163Y
B.1.1.45,57,p.D614G,p.D614G,p.D614G
I.1,57,p.D614G,p.D614G,p.F186S p.D215H p.T323I p.D614G p.A1078T
B.1.1.218,57,p.D614G,p.D614G,p.D614G
B.1.1.43,56,p.D614G,p.D614G,p.D614G
B.1.159,56,p.D614G,p.D614G,p.D614G
B.1.167,56,p.D614G,p.D614G,p.T95I p.D614G
B.1.514,55,p.D614G,p.D614G,p.D614G
B.1.1.119,55,p.D614G,p.D614G,p.R21T p.D614G p.P681H
B.1.423,55,p.D614G,p.D614G,p.D614G
B.1.348,55,p.D614G,p.D614G,p.D614G
B.1.445,55,p.D614G,p.D614G,p.D614G
B.1.1.57,55,p.D614G,p.D614G,p.D614G p.D1260Y
B.1.1.292,55,p.D614G,p.D614G,p.D614G
B.1.1.177,54,p.D614G,p.D614G,p.D614G
B.1.1.16,54,p.T73I p.D614G,p.T73I p.D614G,p.T73I p.D614G p.A892S
B.1.525,54,p.Q52R p.A67V del.69-70 del.144 p.E484K p.D614G p.Q677H p.F888L,p.Q52R p.A67V del.69-70 del.144 p.E484K p.D614G p.Q677H p.F888L,p.Q52R p.A67V del.69-70 del.144 p.E484K p.D614G p.Q677H p.F888L
B.1.418,54,p.D614G,p.D614G,p.D614G
B.1.392,54,p.D614G,p.D614G,p.D614G
B.1.225,54,p.D614G,p.D614G,p.D614G
B.1.1.109,53,p.D614G,p.D614G,p.S477N p.D614G
B.1.381,53,p.D614G,p.D614G,p.Q218E p.D614G
B.1.1.152,53,p.D614G,p.D614G,p.D614G
B.1.1.239,53,p.D614G,p.D614G,p.V3G p.L5F p.D614G p.Q675H p.Q677H
B.1.1.113,53,p.D614G,p.D614G,p.D614G p.L1244I
B.1.131,52,p.D614G,p.D614G,p.M177I p.D614G
B.1.1.14,52,p.D614G,p.D614G,p.D614G
B.1.1.205,52,p.D614G,p.D614G,p.D614G
B.1.468,52,p.D614G,p.D614G,p.D614G
B.1.1.190,52,p.D614G,p.D614G,p.V6F p.D198G p.D614G p.G769V p.A845S p.T859I
B.1.306,52,p.D614G,p.D614G,p.D614G
B.1.335,52,p.D614G,p.D614G,p.D614G
B.1.1.20,51,p.D614G,p.D614G,p.D614G
B.1.402,51,p.T307I p.D614G,p.T307I p.D614G,p.T307I p.D614G
B.1.415,51,p.D614G,p.D614G,p.D614G
C.11,51,p.T307I p.D614G,p.T307I p.D614G,p.T307I p.D614G
B.1.1.235,51,p.L5F p.D614G,p.L5F p.D614G,p.L5F p.D614G
B.1.334,50,p.D614G,p.D614G,p.D614G
N.3,50,p.D614G,p.D614G,p.D614G
B.1.337,50,p.D614G,p.D614G,p.D614G p.K854N
B.1.1.123,50,p.D614G p.G769V,p.D614G p.G769V,p.D614G p.G769V
B.1.36.26,50,p.L54F p.D614G,p.L54F p.D614G,p.L54F p.D80Y p.F157L p.D614G
B.1.1.118,50,p.D614G,p.D614G p.S640F,p.D614G p.S640F
B.1.169,50,p.D614G,p.D614G,p.T604I p.D614G
B.1.1.158,50,p.D614G,p.D614G,p.D614G
